Kanji|Russian|Utility|Use
一|один|1|2
右|правый|1|602
雨|дождь|1|950
円|иена|1|69
王|монарх|1|684
音|звук|1|491
下|низ|1|97
火|огонь|1|574
花|цветок|1|578
貝|раковина|1|1787
学|учиться|1|63
気|дух|1|113
休|отдых|1|642
玉|драгоценный камень|1|737
金|золото|1|53
九|девять|1|55
空|пустота|1|304
月|месяц|1|23
犬|собака|1|1326
見|видеть|1|22
五|пять|1|31
口|рот|1|284
校|школа|1|294
左|левый|1|630
三|три|1|14
山|гора|1|131
四|четыре|1|47
子|ребёнок|1|72
子||1|72
糸|нить|1|1488
字|иероглиф|1|485
耳|ухо|1|1328
七|семь|1|115
車|повозка|1|333
手|рука|1|60
十|десять|1|8
出|выходить|1|13
女|женщина|1|151
小|маленький|1|114
上|верх|1|35
森|лес|1|609
人|человек|1|5
水|вода|1|223
正|правильный|1|143
生|жизнь|1|29
青|голубой|1|589
石|камень|1|342
赤|красный|1|584
先|впереди|1|173
千|тысяча|1|195
川|река|1|181
早|ранний|1|402
草|трава|1|967
足|нога|1|343
村|деревня|1|253
大|большой|1|7
男|мужчина|1|240
竹|бамбук|1|593
中|середина|1|11
虫|насекомое|1|1351
町|городок|1|292
天|небо|1|512
田|рисовое поле|1|90
土|земля|1|307
二|два|1|9
日|день|1|1
入|входить|1|56
年|год|1|6
白|белый|1|483
八|восемь|1|92
百|сто|1|163
文|литература|1|190
本|книга|1|10
名|имя|1|177
木|дерево|1|317
目|глаз|1|76
夕|вечер|1|924
立|стоять|1|58
力|сила|1|62
林|лес|1|656
六|шесть|1|93
引|тянуть|2|218
羽|перья|2|748
雲|туча|2|1256
園|сад|2|628
遠|далёкий|2|887
遠||2|887
黄|жёлтый|2|1240
黄||2|1240
何|что|2|340
夏|лето|2|659
家|дом|2|133
科|отделение|2|531
歌|песня|2|519
画|картина|2|199
画|план|2|199
画||2|199
会|встреча|2|4
回|вращаться|2|50
海|море|2|200
絵|картина|2|895
外|вне|2|81
角|угол|2|805
楽|удовольствие|2|373
楽|музыка|2|373
楽||2|373
活|живой|2|171
間|интервал|2|33
丸|круглый|2|542
岩|скала|2|787
顔|лицо|2|676
帰|возвращаться|2|504
汽|пар|2|2020
記|записывать|2|149
弓|лук|2|1802
牛|корова|2|1202
魚|рыба|2|1208
京|столичный город|2|74
強|сильный|2|112
教|учить|2|166
近|близкий|2|194
兄|старший брат|2|1219
形|форма|2|418
計|измерять|2|228
元|начало|2|192
原|равнина|2|172
言|слово|2|83
古|старый|2|509
戸|дверь|2|575
午|полдень|2|154
後|после|2|26
語|язык|2|301
交|пересекаться|2|178
光|сиять|2|527
公|общественный|2|118
工|техника|2|299
広|широкий|2|263
考|думать|2|196
行|идти|2|20
高|высокий|2|65
合|соединяться|2|41
国|страна|2|3
黒|чёрный|2|573
黒||2|573
今|сейчас|2|49
才|талант|2|1497
細|мелкий|2|537
作|делать|2|103
算|вычислять|2|361
姉|старшая сестра|2|1473
市|город|2|42
思|думать|2|132
止|останавливать|2|310
紙|бумага|2|559
寺|храм|2|879
時|время|2|16
自|сам|2|19
室|комната|2|550
社|фирма|2|21
弱|слабый|2|958
首|шея|2|98
秋|осень|2|635
週|неделя|2|540
春|весна|2|579
書|писать|2|169
少|мало|2|287
場|место|2|52
色|цвет|2|621
食|еда|2|328
心|сердце|2|157
新|новый|2|51
親|родители|2|406
図|чертёж|2|539
図||2|539
数|число|2|148
星|звезда|2|844
晴|ясная погода|2|1022
声|голос|2|388
西|запад|2|259
切|резать|2|324
雪|снег|2|1131
線|линия|2|382
船|судно|2|713
前|перед|2|27
組|группа|2|204
走|бежать|2|626
多|много|2|139
太|толстый|2|552
体|тело|2|88
台|подставка|2|262
谷|долина|2|508
知|знание|2|205
地|земля|2|40
池|пруд|2|827
茶|чай|2|1116
昼|дневное время|2|1115
朝|утро|2|248
長|длинный|2|12
鳥|птица|2|1043
直|прямой|2|246
通|проходить|2|80
弟|младший брат|2|1161
店|магазин|2|378
点|точка|2|165
電|электричество|2|268
冬|зима|2|1090
刀|катана|2|1794
東|восток|2|37
当|данный|2|91
答|ответ|2|486
頭|голова|2|433
同|одинаковый|2|15
道|дорога|2|207
読|читать|2|618
内|внутри|2|44
南|юг|2|341
肉|мясо|2|986
馬|лошадь|2|639
買|покупать|2|520
売|продавать|2|202
麦|хлебные злаки|2|1615
半|половина|2|224
番|черёд|2|348
番||2|348
父|отец|2|646
風|ветер|2|558
分|доля|2|24
分|минута|2|24
分|процент|2|24
分||2|24
聞|слышать|2|319
米|рис|2|61
歩|ходить|2|554
母|мать|2|570
方|сторона|2|46
北|север|2|153
妹|младшая сестра|2|1446
毎|каждый|2|436
万|десять тысяч|2|375
明|ясный|2|67
鳴|чирикать|2|1279
毛|шерсть|2|1179
門|ворота|2|452
夜|ночь|2|487
野|поле|2|120
矢|стрела|2|1294
友|друг|2|622
曜|день недели|2|940
用|употреблять|2|107
来|приходить|2|102
理|принцип|2|86
里|родная деревня|2|1096
話|говорить|2|134
悪|плохой|3|530
安|дешёвый|3|144
安||3|144
暗|тёмный|3|1040
暗||3|1040
委|поручать|3|187
意|мысль|3|99
医|врач|3|437
育|воспитывать|3|369
員|персонал|3|54
飲|пить|3|969
院|учреждение|3|150
運|судьба|3|255
泳|плавать|3|1223
駅|станция|3|724
央|центр|3|582
横|горизонтальный|3|480
屋|здание|3|616
温|тёплый|3|838
温||3|838
化|превращаться|3|89
荷|ноша|3|1230
界|сфера|3|158
開|открывать|3|59
階|этаж|3|513
寒|холод|3|1456
感|чувство|3|233
漢|китайский|3|1487
館|здание|3|613
岸|берег|3|556
期|срок|3|117
起|вставать|3|374
客|гость|3|557
宮|дворец|3|367
急|спешить|3|309
球|мяч|3|302
究|осваивать|3|368
級|разряд|3|785
去|уходить|3|440
橋|мост|3|553
業|промышленность|3|43
局|бюро|3|286
曲|мелодия|3|810
銀|серебро|3|395
区|район города|3|137
苦|горький|3|623
具|принадлежности|3|629
君|ты|3|947
係|ответственный|3|232
軽|лёгкий|3|790
軽||3|790
決|решать|3|71
血|кровь|3|832
研|точить|3|336
県|префектура|3|140
庫|склад|3|852
湖|озеро|3|1344
向|направленность|3|182
幸|счастье|3|786
港|порт|3|495
号|номер|3|585
根|корень|3|620
祭|праздник|3|1124
坂|склон|3|865
皿|тарелка|3|1812
仕|делать|3|439
使|употреблять|3|219
始|начало|3|244
指|палец|3|155
死|смерть|3|229
詩|стихи|3|1196
歯|зуб|3|1106
事|дело|3|18
持|держать|3|119
次|следующий|3|222
式|формула|3|251
実|настоящий|3|68
写|копировать|3|453
者|человек|3|38
主|хозяин|3|95
取|брать|3|122
守|охранять|3|457
酒|сакэ|3|1006
受|принимать|3|136
州|провинция|3|386
拾|подбирать|3|1479
終|конец|3|256
習|учиться|3|706
集|собирать|3|210
住|жить|3|270
重|тяжёлый|3|193
重||3|193
宿|гостиница|3|701
所|место|3|221
暑|жаркий|3|1442
助|спасать|3|397
勝|побеждать|3|185
商|коммерция|3|413
昭|эпоха сёва|3|697
昭||3|697
消|гасить|3|345
章|эмблема|3|990
乗|ехать|3|377
植|сажать|3|699
深|глубокий|3|484
申|докладывать|3|492
真|правда|3|279
神|бог|3|347
身|тело|3|320
進|продвигаться|3|142
世|мир|3|135
整|приводить в порядок|3|478
昔|прошлое|3|1197
全|полностью|3|75
想|представлять себе|3|381
相|взаимный|3|45
送|посылать|3|311
息|дыхание|3|882
速|скорость|3|576
族|семья|3|393
他|другой|3|543
打|ударять|3|239
対|против|3|34
待|ждать|3|391
代|замещать|3|66
第|префикс числительных|3|160
題|тема|3|96
炭|уголь|3|1307
短|короткий|3|689
談|разговор|3|272
着|прибытие|3|376
柱|столб|3|1119
注|лить|3|497
丁|четвёртый|3|1312
丁||3|1312
帳|книга для записей|3|1459
調|тон|3|87
追|преследовать|3|411
定|определять|3|48
庭|двор|3|816
笛|флейта|3|1928
鉄|железо|3|672
転|поворачиваться|3|327
登|взбираться|3|566
都|столица|3|123
度|градус|3|110
島|остров|3|245
投|бросать|3|236
湯|горячая вода|3|1356
等|равный|3|798
豆|боб|3|1422
動|двигаться|3|73
童|дитя|3|1138
農|земледелие|3|385
波|волна|3|740
配|распределять|3|359
倍|удваивать|3|714
箱|ящик|3|1357
畑|плантация|3|1176
発|испускать|3|32
反|против|3|191
板|доска|3|926
悲|печальный|3|1014
皮|кожа|3|1092
美|красивый|3|462
鼻|нос|3|1632
筆|кисть|3|1132
氷|лёд|3|1450
氷||3|1450
表|выражать|3|77
病|болеть|3|384
秒|секунда|3|1015
品|товар|3|225
負|отрицательный|3|443
部|часть|3|36
服|одежда|3|873
福|счастье|3|467
物|вещь|3|215
平|плоский|3|128
返|ответ|3|685
勉|прилежный|3|1066
放|отпускать|3|288
味|вкус|3|442
命|приказ|3|465
面|лицо|3|186
問|вопрос|3|64
役|роль|3|315
薬|лекарство|3|702
油|масло|3|690
有|иметь|3|282
由|причина|3|325
遊|развлекаться|3|941
予|заранее|3|180
様|вот так|3|493
洋|океан|3|763
羊|овца|3|1852
葉|листва|3|414
陽|солнце|3|1071
落|падать|3|420
流|течение|3|280
旅|путешествие|3|783
両|оба|3|247
緑|зелёный|3|1180
緑||3|1180
礼|этикет|3|1185
列|ряд|3|927
練|тренироваться|3|788
路|дорога|3|529
和|гармония|3|124
愛|любовь|4|640
案|проект|4|206
以|префикс направления|4|126
位|ранг|4|276
衣|одежда|4|1214
井|колодец|4|339
茨|терновник|4|1203
印|печать|4|682
栄|расцвет|4|920
英|британия|4|430
塩|соль|4|1148
岡|холм|4|463
沖|открытое море|4|929
億|сто миллионов|4|716
加|добавлять|4|130
果|плод|4|258
課|отдел|4|455
貨|монета|4|822
芽|бутон|4|1691
賀|поздравление|4|1056
改|изменять|4|147
械|механизм|4|1321
害|вред|4|358
街|улица|4|891
各|каждый|4|243
覚|ощущение|4|710
潟|лагуна|4|1204
完|завершение|4|595
官|чиновник|4|230
管|труба|4|517
観|осматривать|4|476
関|застава|4|70
願|просьба|4|894
器|сосуд|4|525
岐|разветвляться|4|1428
希|редкий|4|896
旗|флаг|4|1190
機|механизм|4|127
季|сезон|4|842
議|обсуждение|4|25
求|требовать|4|220
泣|плакать|4|1380
給|снабжать|4|615
挙|поднимать|4|257
漁|рыболовство|4|1094
競|состязаться|4|610
共|совместный|4|174
協|сотрудничество|4|121
鏡|зеркало|4|1506
極|полюс|4|460
熊|медведь|4|1105
訓|наставление|4|1134
群|группа|4|1012
軍|армия|4|189
郡|уезд|4|965
径|диаметр|4|1435
景|пейзаж|4|419
芸|искусство|4|719
欠|недостача|4|860
欠|зевота|4|860
欠||4|860
結|узел|4|162
健|здоровый|4|572
建|строить|4|300
験|испытывать|4|410
固|твёрдый|4|750
固||4|750
候|погода|4|510
功|заслуга|4|857
好|нравиться|4|423
康|здоровье|4|760
香|аромат|4|859
佐|старший офицер|4|474
差|разница|4|449
最|самый|4|82
菜|овощи|4|1327
材|материал|4|565
阪|осака|4|503
崎|мыс|4|533
埼|сайтама|4|971
昨|вчера|4|226
刷|печатать|4|1352
察|инспектировать|4|477
札|этикетка|4|921
参|участвовать|4|201
散|разбрасывать|4|758
産|рождать|4|161
残|оставаться|4|380
司|управляющий|4|759
氏|господин|4|84
試|испытание|4|392
児|дитя|4|679
滋|питание|4|1563
治|лечить|4|109
辞|отставка|4|633
鹿|олень|4|957
失|терять|4|447
借|брать в долг|4|932
種|разновидность|4|461
周|кружиться|4|562
祝|праздновать|4|1184
順|порядок|4|779
初|первый|4|152
唱|распевать|4|1123
松|сосна|4|471
焼|сжигать|4|982
照|светить|4|1004
省|министерство|4|548
省|рефлексия|4|548
省||4|548
笑|смех|4|913
城|замок|4|795
城|!2|4|795
信|верить|4|208
臣|вассал|4|1249
成|становиться|4|116
清|чистый|4|705
静|тихий|4|764
席|место для сидения|4|370
積|нагромождать|4|541
折|сгибать|4|962
節|сустав|4|934
説|теория|4|326
戦|война|4|78
浅|мелкий|4|1253
選|выбирать|4|57
然|так|4|401
倉|амбар|4|1114
巣|гнездо|4|1588
争|бороться|4|271
側|сторона|4|216
束|пучок|4|918
続|продолжаться|4|141
卒|солдат|4|772
孫|внук|4|1388
帯|пояс|4|746
隊|отряд|4|605
達|достигать|4|500
単|одиночный|4|586
置|класть|4|277
仲|посредник|4|919
兆|триллион|4|1174
低|низкий|4|435
底|дно|4|867
的|цель|4|105
典|справочник|4|1055
伝|передавать|4|416
徒|последователь|4|817
努|стараться|4|749
灯|лампа|4|1605
働|работать|4|417
徳|нравственность|4|1091
特|особый|4|234
栃|конский каштан|4|1427
奈|нара|4|841
縄|верёвка|4|1075
縄||4|1075
熱|горячий|4|700
念|мысль|4|390
敗|поражение|4|516
梅|слива|4|1232
博|эрудиция|4|794
飯|варёный рис|4|1046
飯||4|1046
飛|летать|4|580
必|обязательно|4|265
媛|барышня|4|1735
標|знак|4|686
票|голосовать|4|489
不|не|4|101
付|прикреплять|4|322
夫|муж|4|335
富|богатство|4|644
府|правительство|4|170
阜|гифу|4|1532
副|вспомогательный|4|360
兵|солдат|4|522
別|отдельный|4|214
変|меняться|4|238
辺|окрестности|4|428
便|почта|4|729
便|удобство|4|729
便||4|729
包|обёртывать|4|954
包||4|954
法|закон|4|100
望|надеяться|4|470
牧|пасти|4|1360
末|окончание|4|456
満|полный|4|515
未|ещё не|4|650
未||4|650
民|народ|4|28
無|без|4|274
約|приблизительно|4|94
勇|храбрость|4|1319
要|требоваться|4|106
養|вскармливать|4|888
浴|купаться|4|1136
利|выгода|4|203
梨|груша|4|1331
陸|суша|4|736
料|плата|4|295
良|хороший|4|501
量|количество|4|469
輪|колесо|4|693
類|сорт|4|678
令|приказ|4|804
例|пример|4|399
冷|холодный|4|667
連|связь|4|30
労|труд|4|398
老|старик|4|803
録|запись|4|546
圧|давление|5|718
囲|окружать|5|771
易|лёгкий|5|571
易|обмен|5|571
易||5|571
移|перемещаться|5|448
因|причина|5|636
営|бизнес|5|303
永|вечный|5|846
衛|охранять|5|400
液|жидкость|5|1210
益|польза|5|674
演|исполнять|5|267
往|направляться|5|1421
応|реагирование|5|266
仮|временный|5|1039
価|цена|5|250
可|одобрять|5|314
河|река|5|663
過|превышать|5|285
解|развязывать|5|176
快|приятный|5|1074
格|разряд|5|281
確|определённый|5|252
確||5|252
額|сумма|5|407
刊|издавать|5|855
幹|ствол|5|364
慣|обыкновение|5|1177
眼|глаз|5|1527
喜|радость|5|769
基|основа|5|241
寄|подходить|5|673
紀|эра|5|780
規|правило|5|349
技|мастерство|5|434
義|честь|5|415
逆|наоборот|5|683
久|долгий|5|688
救|спасать|5|799
旧|прежний|5|549
居|проживать|5|836
許|разрешать|5|720
境|граница|5|346
興|развлечение|5|734
均|равнять|5|715
禁|запрет|5|681
句|фраза|5|1244
型|тип|5|482
経|проходить|5|79
経|сутра|5|79
経||5|79
潔|чистота|5|1595
件|происшествие|5|212
検|расследовать|5|290
険|обрывистый|5|707
減|уменьшаться|5|261
現|действительный|5|85
限|предел|5|405
個|индивидуальный|5|451
故|происшествие|5|612
護|защищать|5|351
効|эффект|5|538
厚|толстый|5|768
構|структура|5|316
耕|земледелие|5|1568
航|курсировать|5|665
講|лекция|5|653
鉱|руда|5|1376
告|объявлять|5|188
混|смешивать|5|824
査|расследовать|5|184
再|вторично|5|275
妻|жена|5|691
採|добывать|5|607
災|бедствие|5|976
際|рубеж|5|183
在|находиться|5|211
罪|преступление|5|732
財|финансы|5|494
桜|вишня|5|1237
殺|убивать|5|581
雑|всякого рода|5|839
賛|одобрять|5|868
酸|кислота|5|1218
史|история|5|511
士|воин|5|526
師|учитель|5|563
志|воля|5|823
支|филиал|5|159
枝|ветка|5|1401
資|капитал|5|179
飼|выкармливать|5|1392
似|похожий|5|923
示|указывать|5|237
識|сознание|5|496
質|качество|5|389
舎|здание|5|1170
謝|благодарить|5|1028
授|предоставлять|5|535
修|учиться|5|603
術|умение|5|350
述|высказывать|5|379
準|неполный|5|425
序|введение|5|1160
招|приглашать|5|840
証|свидетельство|5|306
象|явление|5|394
象|слон|5|394
象||5|394
賞|награда|5|426
常|обычный|5|293
情|чувство|5|235
条|статья|5|363
状|форма|5|298
織|ткать|5|608
職|должность|5|305
制|система|5|108
勢|энергия|5|260
性|характер|5|104
政|политика|5|17
精|жизненная энергия|5|752
製|изготовлять|5|488
税|налог|5|289
績|достижения|5|820
責|ответственность|5|598
接|соединять|5|523
設|учреждать|5|145
絶|прекращаться|5|784
祖|предок|5|1226
素|элемент|5|660
総|общий|5|129
像|изображение|5|856
増|увеличиваться|5|231
造|изготовлять|5|429
則|правила|5|753
測|измерять|5|761
属|принадлежать|5|912
損|убыток|5|807
態|состояние|5|353
貸|одалживать|5|995
団|группа|5|213
断|прерывать|5|338
築|строительство|5|821
貯|копить|5|1100
張|натягивать|5|403
停|приостанавливать|5|733
提|предлагать|5|254
程|мера|5|514
適|надлежащий|5|670
統|объединять|5|125
堂|зал|5|1010
導|вести|5|354
導|!5|5|354
銅|медь|5|1505
得|прибыль|5|175
毒|яд|5|1419
独|сам|5|365
任|назначение|5|217
燃|гореть|5|948
能|способность|5|273
破|ломать|5|590
判|судить|5|197
版|издание|5|802
犯|преступник|5|874
比|сравнивать|5|329
肥|удобрение|5|1469
費|расходы|5|321
非|не|5|472
備|приготовления|5|356
評|суждение|5|454
貧|бедный|5|1211
婦|дама|5|671
布|ткань|5|877
武|военный|5|387
復|восстановление|5|438
複|двойной|5|915
仏|будда|5|819
仏|франция|5|819
仏||5|819
粉|порошок|5|1484
編|вязать|5|591
弁|речь|5|619
弁|_|5|619
弁|различать|5|619
弁|лепесток|5|619
弁|_|5|619
弁|косичка|5|619
弁||5|619
保|сохранять|5|146
墓|могила|5|1337
報|информация|5|167
豊|обильный|5|762
暴|насилие|5|692
貿|торговля|5|652
防|предотвращать|5|331
脈|жила|5|1477
務|дела|5|111
夢|сновидение|5|943
迷|заблудиться|5|942
綿|хлопок|5|1495
綿|!3|5|1495
輸|ввоз-вывоз|5|371
余|излишек|5|680
容|вмещать|5|264
率|показатель|5|383
率|предводительствовать|5|383
率||5|383
略|сокращение|5|774
留|пребывать|5|731
領|территория|5|138
歴|карьера|5|632
異|отличаться|6|631
胃|желудок|6|1647
遺|оставлять после себя|6|647
域|район|6|396
宇|вселенная|6|883
映|отражаться|6|404
延|растягивать|6|747
沿|вдоль|6|1121
恩|признательность|6|1418
我|эго|6|829
灰|пепел|6|1717
拡|расширять|6|611
閣|высокое здание|6|444
革|кожа|6|249
割|разделять|6|318
株|акция|6|432
巻|свиток|6|944
干|сухой|6|1349
看|присматривать|6|1060
簡|простой|6|983
危|опасный|6|606
揮|размахивать|6|946
机|письменный стол|6|1671
貴|благородный|6|970
疑|подозрение|6|283
吸|сосать|6|1054
供|предоставлять|6|313
胸|грудь|6|1144
郷|родина|6|1077
勤|служба|6|830
筋|мышца|6|744
敬|уважать|6|1078
系|система|6|567
警|полиция|6|366
劇|театр|6|662
激|яростный|6|560
穴|дыра|6|1366
券|билет|6|583
憲|конституция|6|551
権|права|6|156
絹|шёлк|6|1916
絹||6|1916
厳|строгий|6|638
源|исток|6|738
呼|звать|6|498
己|сам|6|1098
誤|ошибка|6|1150
后|императрица|6|1583
孝|сыновний долг|6|1030
皇|император|6|721
紅|алый|6|1299
鋼|сталь|6|1246
降|спускаться|6|596
刻|гравировать|6|866
穀|зерно|6|1744
骨|кость|6|936
困|трудности|6|843
砂|песок|6|1146
座|сидение|6|588
済|закончено|6|168
裁|судить|6|297
策|мероприятия|6|209
冊|том|6|1313
蚕|шелковичный червь|6|2272
姿|фигура|6|441
私|я|6|242
至|наиболее|6|996
視|зрение|6|362
詞|слово|6|1636
誌|журнал|6|851
磁|магнит|6|1686
射|стрелять|6|937
捨|выбрасывать|6|1266
尺|мера длины|6|1940
若|молодой|6|458
樹|деревья|6|988
収|доход|6|337
宗|религия|6|997
宗|предок|6|997
宗||6|997
就|приступать|6|624
衆|народ|6|450
従|следовать|6|601
縦|вертикальный|6|1258
縮|сжиматься|6|909
熟|спелый|6|1415
純|беспримесный|6|1044
処|распоряжаться|6|547
署|контора|6|725
諸|всевозможные|6|658
除|устранять|6|594
傷|рана|6|845
将|генерал|6|634
承|соглашаться|6|775
障|препятствие|6|742
蒸|варить на пару|6|1552
針|игла|6|505
仁|человеколюбие|6|1332
仁|косточка|6|1332
仁||6|1332
垂|висеть|6|1720
推|предполагать|6|507
寸|дюйм|6|1669
盛|процветать|6|712
聖|святой|6|1165
誠|искренность|6|1128
舌|язык|6|1830
宣|оглашать|6|695
専|специальный|6|506
泉|родник|6|1086
洗|мыть|6|1168
染|окрашивать|6|837
銭|деньги|6|1008
善|добро|6|765
創|творческий|6|741
奏|музицировать|6|1067
層|слой|6|801
操|манипулировать|6|1016
窓|окно|6|1186
装|наряжаться|6|657
臓|внутренности|6|991
蔵|кладовая|6|468
存|существовать|6|577
尊|почитать|6|1181
退|отступать|6|424
宅|дом|6|357
担|нести|6|422
探|искать|6|930
誕|рождаться|6|1024
暖|тёплый|6|1371
暖||6|1371
段|ступень|6|479
値|величина|6|518
宙|космос|6|1005
忠|преданность|6|1113
著|автор|6|849
庁|администрация|6|793
潮|прилив|6|1231
腸|кишечник|6|1807
頂|вершина|6|1350
賃|плата|6|961
痛|боль|6|903
敵|враг|6|1205
展|выставка|6|352
党|партия|6|39
糖|сахар|6|1471
討|подавлять|6|528
届|извещение|6|939
難|трудный|6|330
乳|молоко|6|1289
認|признавать|6|198
納|уплата|6|987
脳|мозг|6|459
派|группировка|6|164
俳|хайку|6|1137
拝|поклоняться|6|1443
背|спина|6|696
肺|лёгкие|6|1387
肺||6|1387
班|бригада|6|1592
晩|вечер|6|1424
否|или нет|6|561
批|критика|6|568
秘|тайна|6|862
俵|соломенный мешок|6|1481
腹|живот|6|1286
奮|воодушевление|6|1521
並|выстраивать|6|599
閉|закрывать|6|951
陛|его величество|6|1429
片|один из двух|6|1076
補|восполнять|6|332
暮|сумерки|6|978
宝|сокровище|6|1139
訪|посещать|6|372
亡|покойный|6|661
忘|забывать|6|1129
棒|палка|6|1455
枚|плоские предметы|6|911
幕|занавес|6|835
幕|сёгунат|6|835
幕||6|835
密|тайна|6|815
盟|союз|6|587
模|образец|6|668
訳|перевод|6|1050
優|превосходный|6|334
郵|почта|6|917
預|депозит|6|981
幼|младенец|6|1227
欲|желать|6|902
翌|следующий день|6|1070
乱|беспорядок|6|755
卵|яйцо|6|1342
覧|осматривать|6|1510
裏|изнанка|6|812
律|ритм|6|992
臨|присутствовать|6|722
朗|звучный|6|1374
論|теория|6|227
哀|печаль|7|1715
扱|обращаться|7|1057
偉|великий|7|1639
違|отличаться|7|344
逸|отклоняться|7|1524
陰|тень|7|1393
隠|прятать|7|1089
影|силуэт|7|464
鋭|острый|7|1395
越|пересекать|7|897
汚|грязь|7|908
奥|глубь|7|1018
押|надавливать|7|789
懐|ностальгия|7|1493
皆|все|7|1267
隔|разделять|7|1382
掛|вешать|7|1027
乾|сухой|7|1453
勧|советовать|7|1068
換|обменивать|7|687
甘|сладкий|7|1248
緩|ослаблять|7|933
缶|консервная банка|7|1543
奇|необыкновенный|7|1367
幾|сколько|7|1725
鬼|чёрт|7|1557
鬼||7|1557
儀|церемония|7|739
吉|удача|7|711
詰|набивать|7|1020
丘|холм|7|1405
及|достигать|7|544
巨|огромный|7|892
虚|пустота|7|1454
恐|страх|7|878
況|положение|7|490
狂|сумасшедший|7|1425
狭|узкий|7|1346
響|эхо|7|502
驚|изумляться|7|1141
傾|наклон|7|938
刑|кара|7|864
契|обещание|7|898
恵|благодеяние|7|925
慶|поздравлять|7|1300
携|иметь при себе|7|1017
継|следовать|7|743
迎|выходить навстречу|7|625
撃|нападать|7|473
兼|одновременно|7|1164
剣|меч|7|1305
圏|сфера|7|1216
堅|твёрдый|7|1049
堅||7|1049
嫌|нелюбовь|7|1207
顕|выявлять|7|1536
互|взаимный|7|914
御|префикс уважения|7|1087
荒|бурный|7|1099
込|внутрь|7|675
婚|брак|7|767
魂|душа|7|1748
彩|расцвечивать|7|1251
歳|возраст|7|269
載|грузить|7|825
剤|снадобье|7|1151
削|срезать|7|814
刺|вонзать|7|1031
湿|сырой|7|1517
趣|прелесть|7|1153
寿|долголетие|7|1245
柔|мягкий|7|1187
瞬|мгновение|7|1265
巡|патрулировать|7|1262
緒|начало|7|952
召|вызывать|7|1540
床|постель|7|1175
焦|подгорать|7|973
称|название|7|985
詳|подробный|7|1178
丈|крепкий|7|1375
冗|избыточный|7|1782
浄|священный|7|1383
畳|татами|7|1665
飾|украшать|7|1193
触|трогать|7|904
伸|растягивать|7|730
寝|ложиться спать|7|1034
振|трястись|7|614
辛|острый на вкус|7|1607
刃|лезвие|7|1763
尽|исчерпывать|7|1234
吹|дуть|7|1133
是|правильность|7|1045
姓|фамилия|7|1628
請|просить|7|524
斉|единообразие|7|1209
惜|жалко|7|1641
鮮|свежий|7|355
疎|чуждаться|7|1572
粗|грубый|7|1689
双|пара|7|1029
騒|шуметь|7|1069
憎|ненавидеть|7|1808
贈|подарок|7|1001
即|немедленно|7|1167
俗|житейский|7|1610
駄|вьюк|7|1500
耐|выдерживать|7|1295
怠|лень|7|1703
替|обмен|7|979
滞|застой|7|1107
袋|мешок|7|1125
卓|стол|7|1348
沢|болото|7|296
託|доверять|7|1021
諾|согласие|7|1490
脱|снимать|7|782
淡|пресный|7|1436
端|оконечность|7|960
弾|пуля|7|853
恥|стыд|7|1575
致|навлекать|7|870
遅|поздний|7|833
逐|один за другим|7|2230
駐|пребывать|7|955
徴|признак|7|850
眺|глядеть|7|1726
超|сверх-|7|597
超||7|597
沈|погружаться|7|1271
珍|редкостный|7|1330
帝|император|7|1276
廷|суд|7|1439
締|затягивать|7|797
泥|жидкая грязь|7|1589
添|добавлять|7|1501
殿|дворец|7|1199
塗|намазывать|7|1414
渡|переправляться|7|446
途|путь|7|717
奴|парень|7|1932
怒|гнев|7|1221
倒|валиться|7|791
凍|замерзать|7|1284
棟|конёк|7|1406
棟||7|1406
盗|красть|7|1051
到|доходить|7|1032
踏|ступать|7|723
逃|убегать|7|931
透|прозрачный|7|1035
闘|бороться|7|751
胴|туловище|7|1904
突|ударять|7|521
豚|свинья|7|1864
曇|пасмурный|7|1899
鈍|тупой|7|1574
軟|мягкий|7|1269
如|подобно|7|1704
悩|страдать|7|1084
濃|густой|7|1200
廃|упразднять|7|698
杯|чарка|7|1235
泊|ночевать|7|1233
薄|тонкий|7|1009
爆|взрыв|7|735
肌|кожа|7|1559
髪|волосы|7|1474
罰|наказывать|7|1220
抜|вытаскивать|7|726
伴|сопровождать|7|886
般|категория|7|649
範|образец|7|1088
卑|вульгарный|7|2003
彼|он|7|648
疲|усталость|7|1263
被|подвергаться|7|431
避|избегать|7|756
尾|хвост|7|875
微|мельчайший|7|1108
怖|страшный|7|1325
敷|стелить|7|1212
普|распространённый|7|757
普||7|757
浮|всплывать|7|776
符|ярлык|7|1798
舞|танцевать|7|655
柄|рукоятка|7|1140
壁|стена|7|1037
崩|рушиться|7|778
邦|родная страна|7|654
飽|приедаться|7|1780
坊|мальчик|7|1832
帽|головной убор|7|1742
忙|занятой|7|1475
房|камера|7|808
僕|я|7|1236
又|опять|7|1874
妙|чудесный|7|1122
眠|спать|7|1315
娘|дочь|7|1145
滅|гибнуть|7|1222
免|освобождать|7|1080
網|сеть|7|1194
黙|молчать|7|1338
戻|возвращать|7|890
唯|только|7|1292
憂|беспокойство|7|1625
誘|завлекать|7|993
与|давать|7|308
踊|плясать|7|1308
頼|просить|7|708
離|отделяться|7|555
了|понимать|7|792
涼|прохладный|7|1783
隣|соседний|7|1083
恋|любовь|7|1296
郎|молодой человек|7|569
腕|рука|7|1163
亜|под-|8|1509
亜||8|1509
握|держать|8|1003
宛|адрес|8|0
闇|чёрный рынок|8|1969
闇||8|1969
依|зависеть|8|906
威|авторитет|8|1103
慰|утешать|8|1158
為|делать|8|831
畏|повиноваться|8|2389
稲|рис на корню|8|1038
浦|бухта|8|977
援|помощь|8|312
炎|пламя|8|1242
煙|дым|8|1290
縁|узы|8|1291
艶|очарование|8|2207
殴|бить|8|1622
憶|память|8|1324
俺|я|8|1946
嫁|невеста|8|1581
暇|досуг|8|1386
稼|зарабатывать|8|1264
箇|штука|8|0
華|пышный|8|1085
雅|изящный|8|1192
介|посредничать|8|617
壊|разрушать|8|727
怪|загадочный|8|1634
悔|раскаиваться|8|1460
戒|предостерегать|8|1062
概|в общем|8|1335
蓋|крышка|8|2388
核|ядро|8|475
殻|скорлупа|8|1892
獲|добыча|8|964
郭|ограждённая площадь|8|1670
郭||8|1670
括|охватывать|8|1026
渇|жажда|8|1944
滑|скользить|8|1238
冠|корона|8|1503
勘|разбираться|8|1494
喚|вопить|8|1120
堪|терпеть|8|1953
寛|великодушие|8|1377
患|больной|8|796
敢|решительный|8|1859
歓|радость|8|1065
環|кольцо|8|409
監|надзирать|8|408
肝|печень|8|1118
貫|пронзать|8|1156
還|возвращать|8|910
鑑|оценивать|8|1391
閑|досуг|8|1994
陥|впадать|8|1154
含|содержать|8|466
頑|упорный|8|1247
企|замысел|8|278
忌|воздерживаться|8|1882
既|уже|8|1081
既|!3|8|1081
棄|отбрасывать|8|901
祈|молитва|8|1462
軌|колея|8|1480
輝|сверкать|8|1259
偽|ложный|8|1171
宜|благоприятный|8|1766
戯|забава|8|1880
擬|имитация|8|1990
欺|обман|8|1541
喫|закусывать|8|1347
却|убирать|8|959
脚|ножка|8|1228
虐|тиранить|8|1464
朽|гнить|8|1891
窮|тяжёлое положение|8|1756
窮||8|1756
糾|разузнавать|8|1820
拒|отказываться|8|863
拠|основываться|8|858
距|расстояние|8|1191
凶|несчастье|8|1673
叫|крик|8|1426
峡|ущелье|8|1833
恭|почтительный|8|1737
挟|зажимать|8|1870
矯|выпрямлять|8|2105
脅|угрожать|8|1183
仰|смотреть вверх|8|1573
凝|застывать|8|1712
暁|рассвет|8|1924
緊|срочный|8|677
菌|микроб|8|1586
謹|почтительно|8|2068
愚|глупый|8|1551
偶|чётный|8|1602
偶||8|1602
遇|обращение|8|1343
隅|угол|8|1601
屈|гнуться|8|1434
掘|копать|8|1257
靴|обувь|8|1561
繰|наматывать|8|872
勲|орден|8|1513
薫|благоухать|8|1849
啓|просвещать|8|1403
憩|передышка|8|1731
掲|поднимать|8|899
茎|стебель|8|2013
鶏|курица|8|1901
隙|щель|8|0
傑|выдающийся|8|1926
倹|бережливый|8|2479
懸|висеть|8|889
献|пожертвование|8|637
肩|плечо|8|1215
賢|мудрость|8|1159
軒|свес крыши|8|1416
遣|отправлять|8|664
幻|призрак|8|1564
弦|тетива|8|1773
玄|непостижимый|8|1409
孤|сирота|8|1239
弧|дуга|8|2371
枯|засыхать|8|1749
誇|гордость|8|1272
雇|наём|8|975
雇||8|975
顧|оглядываться|8|1058
鼓|барабан|8|1795
呉|делать для кого-л.|8|1729
悟|просветление|8|1411
坑|шахта|8|2040
孔|отверстие|8|2052
巧|мастерство|8|1537
慌|паника|8|1826
抗|анти-|8|666
抗||8|666
拘|несмотря|8|1336
控|записи|8|1000
攻|наступать|8|532
更|обновлять|8|861
江|китайская река|8|704
洪|наводнение|8|1778
溝|канава|8|1736
甲|панцирь|8|1073
硬|жёсткий|8|1101
硬||8|1101
絞|душить|8|1288
綱|канат|8|1053
衡|равновесие|8|1847
貢|дань|8|956
購|приобретать|8|945
郊|пригород|8|1304
項|параграф|8|884
剛|твёрдый|8|1576
剛||8|1576
豪|превосходящий|8|1104
克|преодолевать|8|1333
酷|жестокий|8|1596
獄|тюрьма|8|1529
腰|поясница|8|1306
頃|около|8|2015
恨|обида|8|1877
懇|любезный|8|1135
詐|лгать|8|1511
鎖|цепь|8|1250
債|заём|8|728
債||8|728
催|устраивать|8|536
栽|выращивать|8|1496
砕|раздроблять|8|1579
斎|очищение|8|1155
咲|цвести|8|1534
搾|выжимать|8|2046
索|трос|8|1127
錯|запутываться|8|1740
撮|фотографировать|8|1023
擦|тереть|8|1485
傘|зонтик|8|1694
惨|трагический|8|1463
暫|некоторое время|8|1112
伺|осведомляться|8|2209
施|осуществлять|8|323
旨|суть|8|1166
脂|жир|8|1548
賜|жаловать|8|2190
雌|самка|8|1951
侍|самурай|8|1939
慈|привязанность|8|1811
軸|ось|8|1261
執|выполнять|8|800
疾|болезнь|8|1577
芝|газон|8|1052
赦|щадить|8|1868
斜|наискось|8|1504
煮|варить|8|1565
遮|преграждать|8|1865
邪|дурной|8|1612
酌|поить сакэ|8|2271
釈|пояснения|8|1097
寂|одиночество|8|1599
狩|охотиться|8|1785
珠|жемчуг|8|1711
需|спрос|8|935
囚|арестант|8|2107
愁|горе|8|2171
秀|превосходить|8|848
臭|зловоние|8|1760
舟|лодка|8|1786
襲|нападать|8|1130
蹴|пинать|8|2377
酬|отплачивать|8|1515
醜|безобразный|8|2074
充|наполнять|8|949
汁|суп|8|1843
渋|терпкий|8|1011
獣|зверь|8|1714
銃|ружьё|8|1013
銃||8|1013
叔|дядя|8|1950
粛|чистка|8|1549
塾|курсы|8|1297
俊|выдающаяся личность|8|1007
准|младший|8|1441
循|циркуляция|8|1699
潤|влажный|8|1644
盾|щит|8|1476
叙|описывать|8|1954
徐|медленно|8|1470
償|возмещать|8|854
匠|мастер|8|1718
奨|поощрять|8|1445
尚|ещё|8|1531
尚||8|1531
抄|выписки|8|2328
掌|ладонь|8|1757
昇|повышение|8|826
沼|болото|8|1467
渉|сношения|8|499
症|синдром|8|1111
粧|макияж|8|1545
肖|сходство|8|1889
衝|столкновение|8|972
剰|вдобавок|8|1448
譲|уступать|8|984
錠|замок|8|1934
錠|!4|8|1934
殖|приумножать|8|1362
辱|унижать|8|1769
侵|вторгаться|8|1025
審|разбирательство|8|412
浸|замачивать|8|1447
診|врачебный осмотр|8|1019
震|землетрясение|8|893
尋|разыскивать|8|1398
甚|чрезвычайно|8|1961
陣|боевой порядок|8|828
炊|стряпать|8|1777
睡|сон|8|1739
粋|изысканный|8|1768
衰|упадок|8|1432
遂|осуществлять|8|1423
酔|пьяный|8|1640
随|произвольный|8|1396
髄|костный мозг|8|1652
据|устанавливать|8|1468
澄|отстояться|8|1722
瀬|стремнина|8|1152
凄|ужасный|8|2313
誓|клятва|8|1567
隻|только один|8|1546
戚|родственник|8|0
斥|отгонять|8|2231
析|анализ|8|980
籍|приписка|8|907
脊|позвоночник|8|2299
跡|след|8|953
摂|регент|8|1779
占|завладевать|8|694
扇|веер|8|1805
栓|затычка|8|2199
潜|нырять|8|1329
旋|вертеться|8|1801
繕|чинить|8|2195
訴|жалоба|8|427
喪|траур|8|885
壮|энергичный|8|1657
掃|мести|8|1255
挿|вставлять|8|1908
葬|похороны|8|754
藻|водоросль|8|2124
賊|разбойник|8|2045
胎|зародыш|8|1861
滝|водопад|8|1478
択|выбирать|8|847
濁|мутный|8|1883
奪|отнимать|8|974
棚|полка|8|1594
誰|кто|8|1933
丹|свинцовый сурик|8|1402
壇|трибуна|8|1512
痴|слабоумие|8|1663
稚|детский|8|1560
畜|скотина|8|1824
蓄|запасать|8|1260
弔|соболезновать|8|1840
彫|резьба|8|1533
懲|наказание|8|1303
聴|слушать|8|781
跳|прыгать|8|1716
鎮|усмирять|8|1617
陳|излагать|8|1323
漬|мариновать|8|1818
潰|крушить|8|0
爪|ноготь|8|2025
釣|удить|8|1542
亭|ресторан|8|1627
偵|выслеживать|8|1857
貞|целомудрие|8|1389
呈|являть|8|1571
抵|сопротивляться|8|1182
艇|катер|8|1433
諦|махнуть рукой|8|2457
逓|почтовая связь|8|1957
邸|особняк|8|905
摘|срывать|8|564
滴|капля|8|2019
哲|философ|8|1093
吐|изрыгать|8|1674
塔|башня|8|1708
筒|трубка|8|1631
藤|глициния|8|291
陶|керамика|8|1680
洞|пещера|8|1618
峠|перевал|8|1941
督|командовать|8|534
屯|военный лагерь|8|1980
頓|внезапный|8|0
匂|запах|8|2213
忍|ниндзя|8|1700
猫|кошка|8|1702
粘|липкий|8|1410
把|вязанка|8|1569
覇|господство|8|1173
婆|старуха|8|2435
排|устранять|8|1047
輩|товарищ|8|1365
培|выращивать|8|1431
媒|посредник|8|1900
伯|граф|8|1741
剥|обдирать|8|2383
拍|хлопать|8|1373
迫|наседать|8|773
縛|связывать|8|1764
鉢|горшок|8|1890
伐|рубить|8|1816
閥|клика|8|1072
帆|парус|8|1923
斑|пятно|8|2165
汎|пан-|8|2014
汎||8|2014
繁|разрастаться|8|1198
販|сбывать|8|627
煩|заботы|8|2081
盤|диск|8|881
蛮|дикарь|8|2339
罷|забастовка|8|2104
匹|животные|8|1384
姫|барышня|8|1566
漂|дрейф|8|1492
描|рисовать|8|876
浜|иокогама|8|645
頻|часто|8|1590
敏|проворный|8|1042
瓶|бутылка|8|1528
扶|денежная поддержка|8|1879
腐|гнить|8|1225
譜|ноты|8|1919
賦|взнос|8|0
封|запечатывать|8|1143
封|феод|8|1143
封||8|1143
伏|ложиться|8|1604
幅|ширина|8|641
覆|покрывать|8|1378
払|платить|8|813
沸|кипеть|8|1709
噴|извергать|8|1270
紛|беспорядочный|8|994
幣|валюта|8|1803
弊|зло|8|1750
癖|привычка|8|1973
蔑|презирать|8|2483
偏|отклонение|8|1340
遍|вездесущий|8|1845
舗|мостить|8|1412
捕|хватать|8|604
募|вербовать|8|809
慕|обожать|8|2100
簿|конторская книга|8|1358
俸|жалованье|8|1834
奉|преподносить|8|1624
抱|обхватывать|8|871
砲|пушка|8|1268
縫|шить|8|1723
芳|душистый|8|1302
褒|хвалить|8|2073
乏|скудный|8|1646
傍|сбоку|8|1660
某|некий|8|2106
冒|отважиться|8|1317
謀|замышлять|8|1370
墨|тушь|8|1616
没|скрываться из виду|8|1385
翻|перелагать|8|1465
凡|посредственный|8|1730
盆|поднос|8|1654
摩|трение|8|1252
磨|шлифовать|8|1608
魔|демон|8|1514
麻|конопля|8|1142
埋|зарывать|8|1110
膜|перепонка|8|1804
抹|растирать|8|2006
慢|высокомерный|8|1368
漫|бесцельный|8|1408
魅|очаровывать|8|1206
矛|копьё|8|1538
矛||8|1538
銘|надпись|8|1394
妄|вздор|8|2264
猛|свирепый|8|1301
盲|слепой|8|1767
耗|убыль|8|0
紋|герб|8|1519
厄|несчастье|8|2123
躍|скакать|8|900
幽|потусторонний|8|1996
雄|самец|8|669
融|финансы|8|481
誉|честь|8|1064
揚|поднимать|8|1316
揺|трястись|8|1079
擁|поддерживать|8|1213
溶|растворяться|8|1364
抑|сдерживать|8|834
翼|крыло|8|1201
羅|тонкий шёлк|8|1831
羅||8|1831
裸|голый|8|1796
雷|гром|8|1491
絡|зацепляться|8|806
嵐|буря|8|1910
欄|столбец|8|1523
濫|превышение|8|0
吏|чиновник|8|0
履|обуваться|8|1619
粒|частица|8|1635
竜|дракон|8|1195
慮|размышлять|8|916
僚|коллега|8|709
寮|общежитие|8|1705
猟|охота|8|1851
療|лечение|8|600
糧|продовольствие|8|1354
倫|мораль|8|1322
塁|крепостной вал|8|651
涙|слёзы|8|1381
涙||8|1381
累|накапливаться|8|1662
励|побуждать|8|1254
鈴|колокольчик|8|880
零|ноль|8|1217
霊|дух|8|1458
麗|прекрасный|8|1758
齢|возраст|8|770
暦|календарь|8|1765
劣|хуже|8|1620
烈|яростный|8|1397
裂|рваться|8|1041
廉|неподкупный|8|2066
錬|закалять|8|2221
呂|ванна|8|2055
炉|печь|8|1359
露|роса|8|928
廊|коридор|8|1598
弄|забавляться|8|0
楼|высокое здание|8|2173
浪|бродить|8|1508
漏|протекать|8|1298
賄|поставлять|8|1282
脇|бок|8|1806
惑|растерянность|8|777
枠|рамка|8|922
湾|залив|8|545
丼|миска|8|2088
鬱|меланхолия|8|0
挨|приветствие|9|2258
尉|младший офицер|9|2007
椅|стул|9|2245
維|поддержка|9|643
緯|широта|9|1430
萎|вянуть|9|0
芋|батат|9|2418
咽|захлёбываться|9|0
咽||9|0
淫|разврат|9|0
韻|рифма|9|2148
臼|ступа|9|2048
渦|водоворот|9|1789
唄|песня|9|2051
餌|приманка|9|2277
詠|стихосложение|9|2000
疫|эпидемия|9|1661
悦|восторг|9|1762
閲|просматривать|9|1855
宴|банкет|9|1675
怨|злоба|9|2137
猿|обезьяна|9|1772
鉛|свинец|9|1710
凹|вогнутый|9|2206
欧|европа|9|421
翁|старец|9|2064
臆|робкий|9|0
卸|оптовый|9|1520
穏|умеренный|9|1535
佳|прекрасный|9|1643
寡|мало|9|2035
架|подставка|9|1555
禍|бедствие|9|2010
苛|мучить|9|0
菓|сласти|9|1719
蚊|комар|9|2121
牙|клык|9|2067
餓|голод|9|1754
塊|кусок|9|1800
崖|утёс|9|0
崖||9|0
慨|скорбеть|9|1875
涯|предел|9|1525
該|вышеупомянутый|9|1648
垣|ограда|9|1539
柿|хурма|9|1745
岳|пик|9|1334
顎|челюсть|9|0
喝|орать|9|1858
葛|пуэрария|9|1547
轄|юрисдикция|9|1771
釜|котелок|9|1761
鎌|серп|9|1587
刈|косить|9|1738
瓦|черепица|9|1850
憾|сожалеть|9|1682
棺|гроб|9|2161
款|параграф|9|1854
汗|пот|9|1502
艦|военный корабль|9|1363
韓|южная корея|9|445
玩|игрушка|9|2216
棋|шахматы|9|1311
飢|голод|9|1659
騎|всадник|9|1696
亀|черепаха|9|1353
菊|хризантема|9|1287
享|получать|9|1893
僅|всего лишь|9|0
巾|тряпка|9|0
錦|парча|9|1440
琴|гуцинь|9|1591
襟|воротник|9|2030
吟|читать нараспев|9|1956
駆|гнать|9|1033
駒|пешка|9|1452
串|вертел|9|2139
窟|пещера|9|0
桑|шелковица|9|1650
稽|думать|9|2372
蛍|светлячок|9|2031
詣|паломничество|9|0
鯨|кит|9|1486
桁|брус|9|0
拳|кулак|9|1935
謙|скромность|9|1582
鍵|ключ|9|2029
股|бедро|9|2212
虎|тигр|9|1653
碁|игра го|9|1609
喉|горло|9|2390
恒|постоянный|9|1314
梗|закупорка|9|0
稿|рукопись|9|1400
肯|соглашаться|9|1813
酵|дрожжи|9|1862
昆|насекомое|9|1688
痕|шрам|9|1958
紺|тёмно-синий|9|1825
紺||9|1825
沙|песок|9|1897
挫|вывихнуть|9|1869
塞|затыкать|9|0
宰|руководить|9|1597
采|игральная кость|9|0
柵|изгородь|9|0
拶|приветствие|9|0
嗣|преемник|9|2310
紫|фиолетовый|9|1516
肢|конечности|9|2289
諮|консультироваться|9|1345
叱|ругать|9|2255
嫉|ревность|9|2317
漆|лак|9|1971
蛇|змея|9|1721
爵|титул|9|0
朱|киноварь|9|1788
殊|особенный|9|1361
腫|опухоль|9|2145
儒|конфуцианство|9|2162
呪|проклятие|9|2131
淑|грациозный|9|1922
旬|декада|9|1162
殉|самопожертвование|9|2080
庶|многочисленный|9|1558
升|мера ёмкости|9|2077
升||9|2077
宵|ранний вечер|9|2262
晶|кристалл|9|1613
硝|селитра|9|2154
礁|риф|9|1977
祥|добрый знак|9|1273
紹|знакомить|9|963
鐘|колокол|9|1681
壌|почва|9|1407
嬢|барышня|9|2059
醸|варить пиво|9|1838
嘱|поручать|9|1903
拭|вытирать|9|2421
尻|зад|9|1692
唇|губы|9|1992
娠|беременность|9|1623
慎|осмотрительный|9|999
紳|джентльмен|9|1790
薪|дрова|9|2182
腎|почки|9|1755
酢|уксус|9|1955
帥|главнокомандующий|9|2016
崇|почитать|9|1970
枢|ось|9|1791
杉|криптомерия|9|1095
征|идти войной|9|1578
醒|пробуждать|9|0
拙|неумелый|9|1938
窃|красть|9|1871
仙|маг|9|1157
煎|выпаривать|9|2458
繊|волокно|9|1451
羨|зависть|9|0
腺|железа|9|0
薦|рекомендовать|9|1082
詮|польза|9|0
践|практика|9|1570
遷|перемещать|9|1937
漸|постепенно|9|2115
禅|дзэн-буддизм|9|1902
膳|обеденный столик|9|2120
塑|ваять|9|0
措|откладывать|9|818
曽|пра-|9|1320
曽||9|1320
狙|целиться|9|745
礎|краеугольный камень|9|1224
租|аренда|9|2089
阻|задерживать|9|1280
僧|бонза|9|1724
爽|освежающий|9|2333
捜|искать|9|592
曹|сержант|9|1998
槽|цистерна|9|1809
燥|сохнуть|9|1819
痩|тощий|9|0
荘|дача|9|1489
霜|иней|9|2151
促|форсировать|9|998
袖|рукав|9|1960
遜|скромность|9|0
汰|отбор|9|0
唾|слюна|9|0
堕|деградировать|9|2087
妥|компромисс|9|1102
惰|инерция|9|2336
泰|спокойствие|9|1281
逮|арест|9|766
拓|поднимать целину|9|1526
濯|полоскать|9|1698
嘆|вздыхать|9|1584
旦|новый день|9|0
綻|прореха|9|0
胆|жёлчный пузырь|9|1449
胆||9|1449
鍛|ковать|9|1793
窒|удушье|9|1776
嫡|законный|9|2130
抽|извлекать|9|1437
衷|искренние чувства|9|2229
鋳|отливать|9|2005
挑|провоцировать|9|989
勅|императорский|9|2157
捗|успешно идти|9|0
津|гавань|9|1036
墜|свалиться|9|1466
椎|позвонок|9|1911
塚|насыпь|9|869
鶴|журавль|9|1369
堤|дамба|9|1658
訂|исправлять|9|1690
溺|тонуть|9|0
徹|насквозь|9|968
撤|убирать|9|811
填|наполнять|9|0
貼|наклеивать|9|2444
妬|ревность|9|0
賭|азартная игра|9|1989
唐|династия тан|9|1727
悼|оплакивать|9|1645
搭|погрузка|9|1472
桃|персик|9|1784
痘|оспа|9|0
騰|рост цен|9|1420
匿|укрывать|9|2024
篤|преданный|9|1942
凸|выпуклый|9|2143
謎|загадка|9|2021
鍋|кастрюля|9|1810
尼|монахиня|9|1844
虹|радуга|9|2110
尿|моча|9|1672
妊|беременная|9|1413
寧|вежливый|9|1697
捻|закручивать|9|0
罵|бранить|9|2467
陪|принимать участие|9|1917
舶|лайнер|9|1753
漠|бескрайний|9|1611
箸|палочки|9|2156
搬|перевозить|9|1664
畔|прибрежье|9|2049
藩|клан|9|1896
妃|принцесса|9|1752
扉|створчатая дверь|9|1866
披|раскрывать|9|1438
泌|секреция|9|2112
碑|надгробие|9|1792
眉|бровь|9|2177
膝|колено|9|2320
肘|локоть|9|0
苗|рассада|9|1713
賓|почётный гость|9|1677
賓||9|1677
赴|направляться|9|1649
侮|оскорблять|9|2004
憤|негодовать|9|1863
併|вместе|9|966
穂|колос|9|1656
峰|вершина|9|1836
泡|пена|9|1872
胞|плацента|9|1379
蜂|пчела|9|2223
妨|препятствовать|9|1482
紡|прясть|9|1876
膨|разбухать|9|1293
頬|щека|9|2424
撲|побои|9|1283
朴|простодушный|9|1626
勃|быстрый подъём|9|0
勃||9|0
奔|беготня|9|1884
昧|невежественный|9|0
枕|подушка|9|2084
繭|кокон|9|2495
岬|мыс|9|1972
蜜|мёд|9|2203
蜜||9|2203
霧|туман|9|1747
婿|зять|9|2099
冥|потусторонний|9|2349
麺|лапша|9|2331
茂|густо расти|9|1188
餅|лепёшка|9|2152
餅||9|2152
冶|металлургия|9|0
弥|ещё больше|9|1687
弥||9|1687
柳|плакучая ива|9|1169
愉|приятный|9|1974
癒|заживать|9|1667
諭|увещевать|9|1461
悠|неторопливый|9|1921
湧|бить фонтаном|9|2070
裕|достаток|9|1048
妖|волшебный|9|1964
庸|заурядный|9|2038
酪|молокопродукты|9|2012
硫|сера|9|1867
隆|процветать|9|1109
虜|пленный|9|1678
陵|усыпальница|9|1746
隷|раб|9|2009
賂|взятка|9|0
傲|высокомерие|9|0
喩|метафора|9|0
嗅|нюхать|9|2480
嘲|насмехаться|9|0
彙|словарь|9|0
瘍|язва|9|0
箋|листок бумаги|9|0
籠|корзина|9|0
羞|смущаться|9|0
貪|ненасытность|9|0
壱|один|10|2351
姻|брачное родство|10|1985
謁|аудиенция|10|0
旺|названия компаний|10|2342
乙|второй|10|1841
拐|похищать|10|1498
劾|обвинять|10|2085
骸|останки|10|0
嚇|угроза|10|2141
穫|урожай|10|1642
較|сравнивать|10|1172
褐|коричневый|10|2186
且|кроме того|10|0
伎|кабуки|10|0
畿|столичная область|10|1683
犠|жертва|10|1189
斤|катти|10|0
虞|опасения|10|0
渓|ущелье|10|2063
舷|борт судна|10|0
娯|веселиться|10|1827
乞|выпрашивать|10|2478
侯|маркиз|10|2363
勾|похищать|10|0
拷|пытать|10|2057
墾|расчистка|10|0
唆|будоражить|10|1278
桟|настил|10|2093
斬|отрубать|10|2132
祉|соцобеспечение|10|1063
璽|императорская печать|10|0
遵|соблюдать|10|0
彰|признание заслуг|10|1310
訟|тяжба|10|1061
詔|императорский указ|10|2239
芯|сердцевина|10|2202
迅|быстрый|10|1888
須|непременно|10|1339
裾|нижняя кромка|10|2334
畝|грядка|10|2327
牲|жертва|10|1274
逝|скончаться|10|2018
遡|вверх по течению|10|0
遭|быть застигнутым|10|1554
捉|ухватить|10|1976
堆|груда|10|2184
戴|принимать|10|2332
但|при условии|10|2404
秩|упорядоченность|10|1275
酎|сётю|10|0
酎||10|0
朕|императорское ''мы''|10|0
坪|цубо|10|1823
迭|чередование|10|1907
斗|ковш|10|1885
謄|копирование|10|2295
憧|жаждать|10|2259
瞳|зрачок|10|2069
那|наха|10|1621
弐|два|10|0
賠|возмещать|10|1243
氾|половодье|10|0
頒|раздавать|10|2287
膚|кожа|10|1679
附|прикреплять|10|2396
墳|курган|10|1822
雰|атмосфера|10|1341
丙|третий|10|0
塀|ограда|10|1991
蔽|заслонять|10|0
倣|подражать|10|2454
剖|вскрытие|10|1918
肪|жир|10|1878
貌|внешность|10|0
睦|дружный|10|1993
堀|канал|10|1285
猶|отсрочивать|10|1799
窯|печь для обжига|10|2072
謡|народная песня|10|1580
沃|йод|10|0
藍|индиго|10|2043
璃|ляпис-лазурь|10|0
痢|понос|10|2037
侶|товарищ|10|0
瞭|очевидный|10|0
厘|самая малость|10|1835
瑠|ляпис-лазурь|10|2352
麓|подножие горы|10|2366
刹|храм|10|0
哺|вскармливать|10|2461
毀|портить|10|0
恣|своеволие|10|2325
惧|опасение|10|2097
慄|содрогаться|10|0
憬|жаждать|10|0
拉|раздавить|10|0
摯|проникновенный|10|2170
曖|двусмысленный|10|0
楷|уставной стиль|10|0
璧|драгоценный диск|10|0
緻|детальный|10|2460
訃|сообщение о смерти|10|2379
諧|благозвучие|10|0
踪|следы|10|0
辣|горький|10|0
錮|тюремное заключение|10|0
